Country,Region,GDPperCap,TrustGov,Family,Freedom,HealthLifeExp,Generosity,Year
Switzerland,Western Europe,1.39651,0.41978,1.34951,0.66557,0.94143,0.29678,2015
Iceland,Western Europe,1.30232,0.14145,1.40223,0.62877,0.94784,0.4363,2015
Denmark,Western Europe,1.32548,0.48357,1.36058,0.64938,0.87464,0.34139,2015
Norway,Western Europe,1.459,0.36503,1.33095,0.66973,0.88521,0.34699,2015
Canada,Americas/Carib,1.32629,0.32957,1.32261,0.63297,0.90563,0.45811,2015
Finland,Western Europe,1.29025,0.41372,1.31826,0.64169,0.88911,0.23351,2015
Netherlands,Western Europe,1.32944,0.31814,1.28017,0.61576,0.89284,0.4761,2015
Sweden,Western Europe,1.33171,0.43844,1.28907,0.6598,0.91087,0.36262,2015
New Zealand,Asia/SouthPac,1.25018,0.42922,1.31967,0.63938,0.90837,0.47501,2015
Australia,Asia/SouthPac,1.33358,0.35637,1.30923,0.65124,0.93156,0.43562,2015
Israel,Middle East and Northern Africa,1.22857,0.07785,1.22393,0.41319,0.91387,0.33172,2015
Costa Rica,Americas/Carib,0.95578,0.10583,1.23788,0.63376,0.86027,0.25497,2015
Austria,Western Europe,1.33723,0.18676,1.29704,0.62433,0.89042,0.33088,2015
Mexico,Americas/Carib,1.02054,0.21312,0.91451,0.48181,0.81444,0.14074,2015
United States,Americas/Carib,1.39451,0.1589,1.24711,0.54604,0.86179,0.40105,2015
Brazil,Americas/Carib,0.98124,0.17521,1.23287,0.49049,0.69702,0.14574,2015
Luxembourg,Western Europe,1.56391,0.37798,1.21963,0.61583,0.91894,0.28034,2015
Ireland,Western Europe,1.33596,0.28703,1.36948,0.61777,0.89533,0.45901,2015
Belgium,Western Europe,1.30782,0.2254,1.28566,0.5845,0.89667,0.2225,2015
United Arab Emirates,Middle East and Northern Africa,1.42727,0.38583,1.12575,0.64157,0.80925,0.26428,2015
United Kingdom,Western Europe,1.26637,0.32067,1.28548,0.59625,0.90943,0.51912,2015
Venezuela,Americas/Carib,1.04424,0.11069,1.25596,0.42908,0.72052,0.05841,2015
Singapore,Asia/SouthPac,1.52186,0.4921,1.02,0.54252,1.02525,0.31105,2015
Panama,Americas/Carib,1.06353,0.0927,1.1985,0.5421,0.79661,0.24434,2015
Germany,Western Europe,1.32792,0.21843,1.29937,0.61477,0.89186,0.28214,2015
Chile,Americas/Carib,1.10715,0.12869,1.12447,0.44132,0.85857000000000006,0.33363,2015
Qatar,Middle East and Northern Africa,1.69042,0.52208,1.0786,0.6404,0.79733,0.32573,2015
France,Western Europe,1.27778,0.20646,1.26038,0.55011,0.94579,0.12332,2015
Argentina,Americas/Carib,1.05351,0.08484,1.24823,0.44974,0.78723,0.11451,2015
Czech Republic,Central and Eastern Europe,1.17898,0.02652,1.20643,0.46364,0.84483,0.10686,2015
Uruguay,Americas/Carib,1.06166,0.24558,1.2089,0.60362,0.8116,0.2324,2015
Colombia,Americas/Carib,0.91861,0.0512,1.24018,0.53466,0.69077,0.18401,2015
Thailand,Asia/SouthPac,0.9669,0.03187,1.26504,0.55664,0.7385,0.5763,2015
Saudi Arabia,Middle East and Northern Africa,1.39541,0.32524,1.08393,0.31048,0.72025,0.13706,2015
Spain,Western Europe,1.23011,0.06398,1.31379,0.45951,0.95562,0.18227,2015
Malta,Western Europe,1.2074,0.13586,1.30203,0.60365,0.88721,0.51752,2015
Kuwait,Middle East and Northern Africa,1.55422,0.25609,1.16594,0.55499,0.72492,0.16228,2015
El Salvador,Americas/Carib,0.76454,0.11776,1.02507,0.4035,0.67737,0.10692,2015
Guatemala,Americas/Carib,0.74553,0.09472,1.04356,0.57733,0.64425,0.27489,2015
Uzbekistan,Central and Eastern Europe,0.63244,0.30826,1.34043,0.65821,0.59772,0.22837,2015
Slovakia,Central and Eastern Europe,1.16891,0.03431,1.26999,0.31751,0.78902,0.16893,2015
Japan,Asia/SouthPac,1.27074,0.1806,1.25712,0.49615,0.99111,0.10705,2015
South Korea,Asia/SouthPac,1.24461,0.07857,0.95774,0.33208,0.96538,0.18557,2015
Ecuador,Americas/Carib,0.86402,0.1809,0.99903,0.48574,0.79075,0.11541,2015
Bahrain,Middle East and Northern Africa,1.32376,0.306,1.21624,0.45492,0.74716,0.17362,2015
Italy,Western Europe,1.25114,0.02901,1.19777,0.26236,0.95446,0.22823,2015
Bolivia,Americas/Carib,0.68133,0.088,0.97841,0.57414,0.5392,0.20536,2015
Moldova,Central and Eastern Europe,0.59448,0.01615,1.01528,0.32818,0.61826,0.20951,2015
Paraguay,Americas/Carib,0.75985,0.08242,1.30477,0.53899,0.66098,0.3424,2015
Kazakhstan,Central and Eastern Europe,1.12254,0.08454,1.12241,0.51649,0.64368,0.11827,2015
Slovenia,Central and Eastern Europe,1.18498,0.03787,1.27385,0.60855,0.87337,0.25328,2015
Lithuania,Central and Eastern Europe,1.14723,0.01031,1.25745,0.21342,0.73128,0.02641,2015
Nicaragua,Americas/Carib,0.59325,0.19317,1.14184,0.55475,0.74314,0.27815,2015
Peru,Americas/Carib,0.90019,0.05989,0.97459,0.41496,0.73017,0.14982,2015
Belarus,Central and Eastern Europe,1.03192,0.1909,1.23289,0.37938,0.73608,0.11046,2015
Poland,Central and Eastern Europe,1.12555,0.04212,1.27948,0.53122,0.77903,0.16759,2015
Malaysia,Asia/SouthPac,1.12486,0.10501,1.07023,0.53024,0.72394,0.33075,2015
Croatia,Central and Eastern Europe,1.08254,0.0243,0.79624,0.25883,0.78805,0.05444,2015
Libya,Middle East and Northern Africa,1.13145,0.11023,1.11862,0.41668,0.7038,0.18295,2015
Russia,Central and Eastern Europe,1.13764,0.03005,1.23617,0.36679,0.66926,0.00199,2015
Jamaica,Americas/Carib,0.81038,0.02299,1.15102,0.50442,0.68741,0.2123,2015
Cyprus,Western Europe,1.20813,0.06146,0.89318,0.40672,0.92356,0.30638,2015
Algeria,Middle East and Northern Africa,0.93929,0.17383,1.07772,0.28579,0.61766,0.07822,2015
Kosovo,Central and Eastern Europe,0.80148,0.04741,0.81198,0.24749,0.63132,0.2831,2015
Turkmenistan,Central and Eastern Europe,0.95847,0.30844,1.22668,0.4761,0.53886,0.16979,2015
Mauritius,Sub-Saharan Africa,1.00761,0.07521,0.98521,0.56066,0.7095,0.37744,2015
Estonia,Central and Eastern Europe,1.15174,0.15184,1.22791,0.44888,0.77361,0.0868,2015
Indonesia,Asia/SouthPac,0.82827,0,1.08708,0.46611,0.63793,0.51535,2015
Vietnam,Asia/SouthPac,0.63216,0.10441,0.91226,0.59444,0.74676,0.1686,2015
Turkey,Middle East and Northern Africa,1.06098,0.15746,0.94632,0.22815,0.73172,0.12253,2015
Kyrgyzstan,Central and Eastern Europe,0.47428,0.04232,1.15115,0.43477,0.65088,0.3003,2015
Nigeria,Sub-Saharan Africa,0.65435,0.0403,0.90432,0.34334,0.16007,0.27233,2015
Bhutan,Asia/SouthPac,0.77042,0.15445,1.10395,0.53206,0.57407,0.47998,2015
Azerbaijan,Central and Eastern Europe,1.02389,0.16065,0.93793,0.3703,0.64045,0.07799,2015
Pakistan,Asia/SouthPac,0.59543,0.10464,0.41411,0.12102,0.51466,0.33671,2015
Jordan,Middle East and Northern Africa,0.90198,0.14293,1.05392,0.40661,0.69639,0.11053,2015
Montenegro,Central and Eastern Europe,0.97438,0.14296,0.90557,0.1826,0.72521,0.1614,2015
China,Asia/SouthPac,0.89012,0.02781,0.94675,0.51697,0.81658,0.08185,2015
Zambia,Sub-Saharan Africa,0.47038,0.12468,0.91612,0.48827,0.29924,0.19591,2015
Romania,Central and Eastern Europe,1.04345,0.00649,0.88588,0.35068,0.7689,0.13748,2015
Serbia,Central and Eastern Europe,0.92053,0.02617,1.00964,0.20107,0.74836,0.19231,2015
Portugal,Western Europe,1.15991,0.01078,1.13935,0.51469,0.87519,0.13719,2015
Latvia,Central and Eastern Europe,1.11312,0.06332,1.09562,0.29671,0.72437,0.18226,2015
Philippines,Asia/SouthPac,0.70532,0.12279,1.03516,0.62545,0.58114,0.24991,2015
Morocco,Middle East and Northern Africa,0.73479,0.08546,0.64095,0.41691,0.60954,0.07172,2015
Albania,Central and Eastern Europe,0.87867,0.06413,0.80434,0.35733,0.81325,0.14272,2015
Bosnia and Herzegovina,Central and Eastern Europe,0.83223,0.00227,0.91916,0.09245,0.79081,0.24808,2015
Dominican Republic,Americas/Carib,0.89537,0.14234,1.17202,0.57672,0.66825,0.21684,2015
Mongolia,Asia/SouthPac,0.82819,0.02666,1.3006,0.43626,0.60268,0.3323,2015
Greece,Western Europe,1.15406,0.01397,0.92933,0.07699,0.88213,0,2015
Lebanon,Middle East and Northern Africa,1.02564,0.04582,0.80001,0.33916,0.83947,0.21854,2015
Hungary,Central and Eastern Europe,1.12094,0.02758,1.20215,0.32112,0.75905,0.128,2015
Honduras,Americas/Carib,0.59532,0.06825,0.95348,0.40148,0.6951,0.23027,2015
Tajikistan,Central and Eastern Europe,0.39047,0.15072,0.85563,0.47216,0.57379,0.22974,2015
Tunisia,Middle East and Northern Africa,0.88113,0.06358,0.60429,0.26268,0.73793,0.06431,2015
Palestinian Territories,Middle East and Northern Africa,0.59867,0.12905,0.92558,0.24499,0.66015,0.11251,2015
Bangladesh,Asia/SouthPac,0.39753,0.12569,0.43106,0.4082,0.60164,0.21222,2015
Iran,Middle East and Northern Africa,1.0088,0.05863,0.54447,0.30033,0.69805,0.38086,2015
Ukraine,Central and Eastern Europe,0.79907,0.02961,1.20278,0.25123,0.6739,0.15275,2015
Iraq,Middle East and Northern Africa,0.98549,0.13788,0.81889,0,0.60237,0.17922,2015
South Africa,Sub-Saharan Africa,0.92049,0.08884,1.18468,0.33207,0.27688,0.11973,2015
Ghana,Sub-Saharan Africa,0.54558,0.04355,0.67954,0.42342,0.40132,0.23087,2015
Zimbabwe,Sub-Saharan Africa,0.271,0.08079,1.03276,0.25861,0.33475,0.18987,2015
Liberia,Sub-Saharan Africa,0.0712,0.06232,0.78968,0.28531,0.34201,0.24362,2015
India,Asia/SouthPac,0.64499,0.08492,0.38174,0.39786,0.51529,0.26475,2015
Haiti,Americas/Carib,0.26673,0.17175,0.74302,0.24425,0.38847,0.46187,2015
Congo (Kinshasa),Sub-Saharan Africa,0,0.07625,1.0012,0.22605,0.09806,0.24834,2015
Nepal,Asia/SouthPac,0.35997,0.05907,0.86449,0.38282,0.56874,0.32296,2015
Ethiopia,Sub-Saharan Africa,0.19073,0.15048,0.60406,0.4345,0.44055,0.24325,2015
Sierra Leone,Sub-Saharan Africa,0.33024,0.08786,0.95571,0.4084,0,0.21488,2015
Mauritania,Sub-Saharan Africa,0.45407,0.17461,0.86908,0.24232,0.35874,0.219,2015
Kenya,Sub-Saharan Africa,0.36471,0.05839,0.99876,0.42215,0.41435,0.37542,2015
Armenia,Central and Eastern Europe,0.76821,0.039,0.77711,0.19847,0.7299,0.07855,2015
Botswana,Sub-Saharan Africa,0.99355,0.12474,1.10464,0.49495,0.04776,0.10461,2015
Myanmar,Asia/SouthPac,0.27108,0.19034,0.70905,0.44017,0.48246,0.79588,2015
Georgia,Central and Eastern Europe,0.7419,0.38331,0.38562,0.40577,0.72926,0.05547,2015
Malawi,Sub-Saharan Africa,0.01604,0.06977,0.41134,0.43054,0.22562,0.33128,2015
Sri Lanka,Asia/SouthPac,0.83524,0.09179,1.01905,0.53726,0.70806,0.40828,2015
Cameroon,Sub-Saharan Africa,0.4225,0.05786,0.88767,0.49309,0.23402,0.20618,2015
Bulgaria,Central and Eastern Europe,1.01216,0.00872,1.10614,0.30587,0.76649,0.11921,2015
Egypt,Middle East and Northern Africa,0.8818,0.06324,0.747,0.17288,0.61712,0.11291,2015
Yemen,Middle East and Northern Africa,0.54649,0.07854,0.68093,0.35571,0.40064,0.09131,2015
Mali,Sub-Saharan Africa,0.26074,0.12352,1.03526,0.38857,0.20583,0.18798,2015
Congo (Brazzaville),Sub-Saharan Africa,0.67866,0.11686,0.6629,0.41466,0.31051,0.12388,2015
Uganda,Sub-Saharan Africa,0.21102,0.07267,1.13299,0.45727,0.33861,0.29066,2015
Senegal,Sub-Saharan Africa,0.36498,0.10713,0.97619,0.36772,0.4354,0.20843,2015
Gabon,Sub-Saharan Africa,1.06024,0.11091,0.90528,0.31914,0.43372,0.06822,2015
Niger,Sub-Saharan Africa,0.0694,0.15639,0.77265,0.47692,0.29707,0.19387,2015
Cambodia,Asia/SouthPac,0.46038,0.07247,0.62736,0.66246,0.61114,0.40359,2015
Tanzania,Sub-Saharan Africa,0.2852,0.05747,1.00268,0.32878,0.38215,0.34377,2015
Madagascar,Sub-Saharan Africa,0.20824,0.08124,0.66801,0.19184,0.46721,0.21333,2015
Chad,Sub-Saharan Africa,0.34193,0.05269,0.76062,0.23501,0.1501,0.18386,2015
Guinea,Sub-Saharan Africa,0.17417,0.12139,0.46475,0.37725,0.24009,0.28657,2015
Ivory Coast,Sub-Saharan Africa,0.46534,0.17922,0.77115,0.46866,0.15185,0.20165,2015
Burkina Faso,Sub-Saharan Africa,0.25812,0.12832,0.85188,0.39493,0.27125,0.21747,2015
Afghanistan,Asia/SouthPac,0.31982,0.09719,0.30285,0.23414,0.30335,0.3651,2015
Rwanda,Sub-Saharan Africa,0.22208,0.55191,0.7737,0.59201,0.42864,0.22628,2015
Benin,Sub-Saharan Africa,0.28665,0.0801,0.35386,0.4845,0.3191,0.1826,2015
Syria,Middle East and Northern Africa,0.6632,0.18906,0.47489,0.15684,0.72193,0.47179,2015
Burundi,Sub-Saharan Africa,0.0153,0.10062,0.41587,0.1185,0.22396,0.19727,2015
Togo,Sub-Saharan Africa,0.20868,0.10731,0.13995,0.36453,0.28443,0.16681000000000001,2015
Denmark,Western Europe,1.44178,0.44453,1.16374,0.57941,0.79504,0.36171,2016
Switzerland,Western Europe,1.52733,0.41203,1.14524,0.58557,0.86303,0.28083,2016
Iceland,Western Europe,1.42666,0.14975,1.18326,0.56624,0.86733,0.47678,2016
Norway,Western Europe,1.57744,0.35776,1.1269,0.59609,0.79579,0.37895,2016
Finland,Western Europe,1.40598,0.41004,1.13464,0.57104,0.81091,0.25492,2016
Canada,Americas/Carib,1.44015,0.31329,1.0961,0.5737,0.8276,0.44834,2016
Netherlands,Western Europe,1.46468,0.29927,1.02912,0.55211,0.81231,0.47416,2016
New Zealand,Asia/SouthPac,1.36066,0.41904,1.17278,0.58147,0.83096,0.49401,2016
Australia,Asia/SouthPac,1.44443,0.32331,1.10476,0.56837,0.8512,0.47407,2016
Sweden,Western Europe,1.45181,0.40867,1.08764,0.58218,0.83121,0.38254,2016
Israel,Middle East and Northern Africa,1.33766,0.08728,0.99537,0.36432,0.84917,0.32288,2016
Austria,Western Europe,1.45038,0.21348,1.08383,0.54355,0.80565,0.32865,2016
United States,Americas/Carib,1.50796,0.14868,1.04782,0.48163,0.779,0.41077,2016
Costa Rica,Americas/Carib,1.06879,0.10547,1.02152,0.55225,0.76146,0.22553,2016
Germany,Western Europe,1.44787,0.28551,1.09774,0.53466,0.81487,0.30452,2016
Brazil,Americas/Carib,1.08754,0.14166,1.03938,0.40425,0.61415,0.15776,2016
Belgium,Western Europe,1.42539,0.26248,1.05249,0.51354,0.81959,0.2424,2016
Ireland,Western Europe,1.48341,0.29754,1.16157,0.54008,0.81455,0.44963,2016
Luxembourg,Western Europe,1.69752,0.35329,1.03999,0.5487,0.84542,0.27571,2016
Mexico,Americas/Carib,1.11508,0.18355,0.7146,0.37709,0.71143,0.11735,2016
Singapore,Asia/SouthPac,1.64555,0.46987,0.86758,0.4877,0.94719,0.32706,2016
United Kingdom,Western Europe,1.40283,0.27399,1.08672,0.50036,0.80991,0.50156,2016
Chile,Americas/Carib,1.2167,0.11451,0.90587,0.37789,0.81883,0.31595,2016
Panama,Americas/Carib,1.18306,0.08423,0.98912,0.48927,0.70835,0.2418,2016
Argentina,Americas/Carib,1.15137,0.07296,1.06612,0.42284,0.69711,0.10989,2016
Czech Republic,Central and Eastern Europe,1.30915,0.03986,1.00793,0.41418,0.76376,0.09929,2016
United Arab Emirates,Middle East and Northern Africa,1.57352,0.35561,0.87114,0.56215,0.72993,0.26591,2016
Uruguay,Americas/Carib,1.18157,0.21394,1.03143,0.54388,0.72183,0.18056,2016
Malta,Western Europe,1.30782,0.17554,1.09879,0.54994,0.80315,0.56237,2016
Colombia,Americas/Carib,1.03032,0.05399,1.02169,0.44735,0.59659,0.15626,2016
France,Western Europe,1.39488,0.17808,1.00508,0.46562,0.83795,0.1216,2016
Thailand,Asia/SouthPac,1.0893,0.02833,1.04477,0.49553,0.64915,0.58696,2016
Saudi Arabia,Middle East and Northern Africa,1.48953,0.30008,0.84829,0.37904,0.59267,0.15457,2016
Qatar,Middle East and Northern Africa,1.82427,0.48049,0.87964,0.56679,0.71723,0.32388,2016
Spain,Western Europe,1.34253,0.06137,1.12945,0.37545,0.87896,0.17665,2016
Algeria,Middle East and Northern Africa,1.05266,0.16157,0.83309,0.21006,0.61804,0.07044,2016
Guatemala,Americas/Carib,0.83454,0.08701,0.87119,0.50379,0.54039,0.28808,2016
Kuwait,Middle East and Northern Africa,1.61714,0.23669,0.87758,0.43166,0.63569,0.15965,2016
Bahrain,Middle East and Northern Africa,1.44024,0.25772,0.94397,0.47375,0.65696,0.17147,2016
Venezuela,Americas/Carib,1.13367,0.08304,1.03302,0.19847,0.61904,0.0425,2016
Slovakia,Central and Eastern Europe,1.27973,0.02947,1.08268,0.23391,0.70367,0.13837,2016
El Salvador,Americas/Carib,0.8737,0.10613,0.80975,0.37269,0.596,0.08877,2016
Malaysia,Asia/SouthPac,1.25142,0.09081,0.88025,0.39031,0.62366,0.41474,2016
Nicaragua,Americas/Carib,0.69384,0.16292,0.89521,0.46582,0.65213,0.29773,2016
Uzbekistan,Central and Eastern Europe,0.73591,0.28333,1.1681,0.60848,0.50163,0.34326,2016
Italy,Western Europe,1.35495,0.02556,1.04167,0.18827,0.85102,0.16684,2016
Ecuador,Americas/Carib,0.97306,0.18037,0.85974,0.4027,0.68613,0.10074,2016
Japan,Asia/SouthPac,1.38007,0.18985,1.06054,0.46761,0.91491,0.10224,2016
Kazakhstan,Central and Eastern Europe,1.22943,0.11132,0.95544,0.4052,0.57386,0.15011,2016
Moldova,Central and Eastern Europe,0.69177,0.01903,0.83132,0.25202,0.52309,0.19997,2016
Russia,Central and Eastern Europe,1.23228,0.03586,1.05261,0.32682,0.58991,0.02736,2016
Poland,Central and Eastern Europe,1.24585,0.055,1.04685,0.4519,0.69058,0.14443,2016
South Korea,Asia/SouthPac,1.35948,0.07716,0.72194,0.25168,0.88645,0.18824,2016
Bolivia,Americas/Carib,0.79422,0.07746,0.83779,0.50961,0.4697,0.21698,2016
Lithuania,Central and Eastern Europe,1.2692,0.0182,1.06411,0.18929,0.64674,0.02025,2016
Belarus,Central and Eastern Europe,1.13062,0.17457,1.04993,0.29091,0.63104,0.13942,2016
Slovenia,Central and Eastern Europe,1.29947,0.03635,1.05613,0.53164,0.79151,0.25738,2016
Peru,Americas/Carib,0.99602,0.05292,0.81255,0.37502,0.62994000000000006,0.14527,2016
Turkmenistan,Central and Eastern Europe,1.08017,0.28467,1.03817,0.37408,0.44006,0.22567,2016
Mauritius,Sub-Saharan Africa,1.14372,0.05203,0.75695,0.46145,0.66189,0.36951,2016
Libya,Middle East and Northern Africa,1.06688,0.10339,0.95076,0.40672,0.52304,0.17087,2016
Latvia,Central and Eastern Europe,1.21788,0.0889,0.95025,0.27996,0.63952,0.17445,2016
Cyprus,Western Europe,1.31857,0.05228,0.70697,0.29507,0.8488,0.27906,2016
Paraguay,Americas/Carib,0.89373,0.07396,1.11111,0.46235,0.58295,0.25296,2016
Romania,Central and Eastern Europe,1.1697,0.00679,0.72803,0.36712,0.67602,0.12889,2016
Estonia,Central and Eastern Europe,1.2796400000000001,0.18519,1.05163,0.41511,0.68098,0.08423,2016
Jamaica,Americas/Carib,0.89333,0.04294,0.96372,0.43597,0.59469,0.22245,2016
Croatia,Central and Eastern Europe,1.18649,0.04002,0.60809,0.23907,0.70524,0.18434,2016
Kosovo,Central and Eastern Europe,0.90145,0.06547,0.66062,0.14396,0.54,0.27992,2016
Turkey,Middle East and Northern Africa,1.16492,0.12348,0.87717,0.23889,0.64718,0.04707,2016
Indonesia,Asia/SouthPac,0.95104,0.00322,0.87625,0.39237,0.49374,0.56521,2016
Jordan,Middle East and Northern Africa,0.99673,0.13297,0.86216,0.36023,0.60712,0.14262,2016
Azerbaijan,Central and Eastern Europe,1.12373,0.17914,0.76042,0.35327,0.54504,0.0564,2016
Philippines,Asia/SouthPac,0.81217,0.11757,0.87877,0.54854,0.47036,0.21674,2016
China,Asia/SouthPac,1.0278,0.02745,0.79381,0.44012,0.73561,0.04959,2016
Bhutan,Asia/SouthPac,0.8527,0.1616,0.90836,0.46074,0.49759,0.48546,2016
Kyrgyzstan,Central and Eastern Europe,0.56044,0.04762,0.95434,0.40212,0.55449,0.38432,2016
Serbia,Central and Eastern Europe,1.03437,0.04339,0.81329,0.15718,0.6458,0.20737,2016
Bosnia and Herzegovina,Central and Eastern Europe,0.93383,0,0.64367,0.09511,0.70766,0.29889,2016
Montenegro,Central and Eastern Europe,1.07838,0.12721,0.74173,0.15111,0.63533,0.17191,2016
Dominican Republic,Americas/Carib,1.02787,0.12372,0.99496,0.52259,0.57669,0.21286,2016
Morocco,Middle East and Northern Africa,0.84058,0.08404,0.38595,0.25646,0.59471,0.04053,2016
Hungary,Central and Eastern Europe,1.24142,0.04472,0.93164,0.1977,0.67608,0.099,2016
Pakistan,Asia/SouthPac,0.68816,0.1388,0.26135,0.14622,0.40306,0.31185,2016
Lebanon,Middle East and Northern Africa,1.12268,0.03061,0.64184,0.26228,0.76171,0.23693,2016
Portugal,Western Europe,1.27607,0.01521,0.94367,0.44727,0.79363,0.11691,2016
Vietnam,Asia/SouthPac,0.74037,0.11556,0.79117,0.55954,0.66157,0.25075,2016
Tunisia,Middle East and Northern Africa,0.97724,0.0817,0.43165,0.23553,0.59577,0.03936,2016
Greece,Western Europe,1.24886,0.04127,0.75473,0.05822,0.80029,0,2016
Tajikistan,Central and Eastern Europe,0.48835,0.13509,0.75602,0.43408,0.53119,0.25998,2016
Mongolia,Asia/SouthPac,0.98853,0.03285,1.08983,0.35972,0.55469,0.34539,2016
Nigeria,Sub-Saharan Africa,0.75216,0.0305,0.64498,0.27854,0.05108,0.23219,2016
Honduras,Americas/Carib,0.69429,0.06906,0.75596,0.26755,0.58383,0.2044,2016
Iran,Middle East and Northern Africa,1.11758,0.0557,0.38857,0.22544,0.64232,0.38538,2016
Zambia,Sub-Saharan Africa,0.61202,0.11479,0.6376,0.42662,0.23573,0.17866,2016
Nepal,Asia/SouthPac,0.44626,0.07008,0.69699,0.37012,0.50073,0.3816,2016
Palestinian Territories,Middle East and Northern Africa,0.67024,0.10613,0.71629,0.17744,0.56844,0.11154,2016
Albania,Central and Eastern Europe,0.9553,0.05301,0.50163,0.31866,0.73007,0.1684,2016
Bangladesh,Asia/SouthPac,0.54177,0.12583,0.24749,0.39778,0.52989,0.19132,2016
Sierra Leone,Sub-Saharan Africa,0.36485,0.08196,0.628,0.30685,0,0.23897,2016
Iraq,Middle East and Northern Africa,1.07474,0.13636,0.59205,0.24856,0.51076,0.19589,2016
Cameroon,Sub-Saharan Africa,0.52497,0.06126,0.62542,0.42736,0.12698,0.2268,2016
Ethiopia,Sub-Saharan Africa,0.29283,0.1717,0.37932,0.36703,0.34578,0.29522,2016
South Africa,Sub-Saharan Africa,1.02416,0.08415,0.96053,0.42483,0.18611,0.13656,2016
Sri Lanka,Asia/SouthPac,0.97318,0.07964,0.84783,0.50817,0.62007,0.46978,2016
India,Asia/SouthPac,0.74036,0.08722,0.29247,0.40285,0.45091,0.25028,2016
Myanmar,Asia/SouthPac,0.34112,0.20243,0.69981,0.42692,0.3988,0.81971,2016
Egypt,Middle East and Northern Africa,0.95395,0.10393,0.49813,0.18847,0.52116,0.12706,2016
Armenia,Central and Eastern Europe,0.86086,0.03616,0.62477,0.14037,0.64083,0.07793,2016
Kenya,Sub-Saharan Africa,0.52267,0.06686,0.7624,0.40576,0.30147,0.41328,2016
Ukraine,Central and Eastern Europe,0.87287,0.01829,1.01413,0.12859,0.58628,0.20363,2016
Ghana,Sub-Saharan Africa,0.63107,0.0326,0.49353,0.40973,0.29681,0.21203,2016
Congo (Kinshasa),Sub-Saharan Africa,0.05661,0.06075,0.80676,0.15602,0.188,0.25458,2016
Georgia,Central and Eastern Europe,0.83792,0.3188,0.19249,0.32461,0.64035,0.06786,2016
Congo (Brazzaville),Sub-Saharan Africa,0.77109,0.09753,0.47799,0.37938,0.28212,0.12077,2016
Senegal,Sub-Saharan Africa,0.44314,0.11681,0.77416,0.31056,0.40457,0.19103,2016
Bulgaria,Central and Eastern Europe,1.11306,0.00615,0.92542,0.21219,0.67806,0.12793,2016
Mauritania,Sub-Saharan Africa,0.61391,0.17955,0.84142,0.1268,0.28639,0.22686,2016
Zimbabwe,Sub-Saharan Africa,0.35041,0.08582,0.71478,0.25429,0.1595,0.18503,2016
Malawi,Sub-Saharan Africa,0.08709,0.07564,0.147,0.4143,0.29364,0.30968,2016
Gabon,Sub-Saharan Africa,1.15851,0.09314,0.72368,0.28098,0.3494,0.06244,2016
Mali,Sub-Saharan Africa,0.31292,0.13647,0.86333,0.27544,0.16347,0.21064,2016
Haiti,Americas/Carib,0.34097,0.14476,0.29561,0.12072,0.27494,0.47958,2016
Botswana,Sub-Saharan Africa,1.09426,0.10769,0.89186,0.44089,0.34752,0.12425,2016
Ivory Coast,Sub-Saharan Africa,0.55507,0.1553,0.57576,0.40663,0.04476,0.20338,2016
Cambodia,Asia/SouthPac,0.55604,0.08092,0.5375,0.58852,0.42494,0.40339,2016
Niger,Sub-Saharan Africa,0.1327,0.17176,0.6053,0.38041,0.26162,0.2097,2016
Chad,Sub-Saharan Africa,0.42214,0.04952,0.63178,0.12807,0.03824,0.18667,2016
Burkina Faso,Sub-Saharan Africa,0.31995,0.12533,0.63054,0.3337,0.21297,0.24353,2016
Uganda,Sub-Saharan Africa,0.34719,0.06442,0.90981,0.43653,0.19625,0.27102,2016
Yemen,Middle East and Northern Africa,0.57939,0.05892,0.47493,0.2287,0.31048,0.09821,2016
Madagascar,Sub-Saharan Africa,0.27954,0.07506,0.46115,0.13684,0.37109,0.2204,2016
Tanzania,Sub-Saharan Africa,0.47155,0.05099,0.77623,0.3176,0.357,0.31472,2016
Liberia,Sub-Saharan Africa,0.10706,0.04852,0.50353,0.25748,0.23165,0.24063,2016
Guinea,Sub-Saharan Africa,0.22415,0.1192,0.3109,0.30953,0.18829,0.29914,2016
Rwanda,Sub-Saharan Africa,0.32846,0.50521,0.61586,0.5432,0.31865,0.23552,2016
Benin,Sub-Saharan Africa,0.39499,0.06681,0.10419,0.39747,0.21028,0.2018,2016
Afghanistan,Asia/SouthPac,0.38227,0.07112,0.11037,0.1643,0.17344,0.31268,2016
Togo,Sub-Saharan Africa,0.28123,0.11587,0,0.34678,0.24811,0.17517,2016
Syria,Middle East and Northern Africa,0.74719,0.17233,0.14866,0.06912,0.62994000000000006,0.48397,2016
Burundi,Sub-Saharan Africa,0.06831,0.09419,0.23442,0.0432,0.15747,0.2029,2016
Norway,Western Europe,1.61646318435669,0.315963834524155,1.53352355957031,0.635422587394714,0.796666502952576,0.36201223731041,2017
Denmark,Western Europe,1.48238301277161,0.40077006816864,1.55112159252167,0.626006722450256,0.792565524578094,0.355280488729477,2017
Iceland,Western Europe,1.480633020401,0.153526559472084,1.6105740070343,0.627162635326385,0.833552122116089,0.475540220737457,2017
Switzerland,Western Europe,1.56497955322266,0.367007285356522,1.51691174507141,0.620070576667786,0.858131289482117,0.290549278259277,2017
Finland,Western Europe,1.44357192516327,0.38261154294014,1.5402467250824,0.617950856685638,0.80915766954422,0.24548277258873,2017
Netherlands,Western Europe,1.50394463539124,0.282661825418472,1.42893922328949,0.585384488105774,0.810696125030518,0.470489829778671,2017
Canada,Americas/Carib,1.47920441627502,0.287371516227722,1.48134899139404,0.611100912094116,0.83455765247345,0.435539722442627,2017
New Zealand,Asia/SouthPac,1.40570604801178,0.382816702127457,1.54819512367249,0.614062130451202,0.816759705543518,0.500005125999451,2017
Sweden,Western Europe,1.49438726902008,0.384398728609085,1.47816216945648,0.612924098968506,0.830875158309937,0.385399252176285,2017
Australia,Asia/SouthPac,1.484414935112,0.301183730363846,1.51004195213318,0.601607382297516,0.84388679265976,0.477699249982834,2017
Israel,Middle East and Northern Africa,1.37538242340088,0.0852421000599861,1.37628996372223,0.405988603830338,0.83840399980545,0.330082654953003,2017
Costa Rica,Americas/Carib,1.10970628261566,0.100106589496136,1.41640365123749,0.580131649971008,0.759509265422821,0.214613229036331,2017
Austria,Western Europe,1.48709726333618,0.221060365438461,1.4599449634552,0.567766189575195,0.81532841920852706,0.316472321748734,2017
United States,Americas/Carib,1.54625928401947,0.135638788342476,1.41992056369781,0.505740523338318,0.77428662776947,0.392578780651093,2017
Ireland,Western Europe,1.53570663928986,0.29838815331459,1.55823111534119,0.573110342025757,0.80978262424469,0.42785832285881,2017
Germany,Western Europe,1.48792338371277,0.276731938123703,1.4725203514099099,0.562511384487152,0.798950731754303,0.336269170045853,2017
Belgium,Western Europe,1.46378076076508,0.251343131065369,1.46231269836426,0.539770722389221,0.818091869354248,0.231503337621689,2017
Luxembourg,Western Europe,1.74194359779358,0.31883442401886,1.45758366584778,0.59662789106369,0.845089495182037,0.283180981874466,2017
United Kingdom,Western Europe,1.44163393974304,0.265428066253662,1.49646008014679,0.508190035820007,0.805335938930511,0.492774158716202,2017
Chile,Americas/Carib,1.25278460979462,0.0822879821062088,1.28402495384216,0.376895278692245,0.819479703903198,0.326662421226501,2017
United Arab Emirates,Middle East and Northern Africa,1.62634336948395,0.324489563703537,1.26641023159027,0.60834527015686,0.726798236370087,0.3609419465065,2017
Brazil,Americas/Carib,1.10735321044922,0.111092761158943,1.43130600452423,0.437453746795654,0.616552352905273,0.16234989464283,2017
Czech Republic,Central and Eastern Europe,1.35268235206604,0.0368729270994663,1.43388521671295,0.490946173667908,0.754444003105164,0.0881067588925362,2017
Argentina,Americas/Carib,1.18529546260834,0.059739887714386,1.44045114517212,0.494519203901291,0.695137083530426,0.109457060694695,2017
Mexico,Americas/Carib,1.15318381786346,0.132774114608765,1.210862159729,0.412730008363724,0.709978997707367,0.120990432798862,2017
Singapore,Asia/SouthPac,1.69227766990662,0.46430778503418,1.35381436347961,0.549840569496155,0.949492394924164,0.345965981483459,2017
Malta,Western Europe,1.34327983856201,0.153066068887711,1.48841166496277,0.588767051696777,0.821944236755371,0.574730575084686,2017
Uruguay,Americas/Carib,1.21755969524384,0.178061872720718,1.41222786903381,0.57939225435257,0.719216823577881,0.175096929073334,2017
Guatemala,Americas/Carib,0.872001945972443,0.0772232785820961,1.25558519363403,0.531310617923737,0.540239989757538,0.283488392829895,2017
Panama,Americas/Carib,1.23374843597412,0.070983923971653,1.37319254875183,0.550026834011078,0.706156134605408,0.21055693924427,2017
France,Western Europe,1.43092346191406,0.172502428293228,1.38777685165405,0.470222115516663,0.844465851783752,0.129762306809425,2017
Thailand,Asia/SouthPac,1.12786877155304,0.0316127352416515,1.42579245567322,0.580200731754303,0.647239029407501,0.572123110294342,2017
Spain,Western Europe,1.38439786434174,0.0709140971302986,1.53209090232849,0.408781230449677,0.888960599899292,0.190133571624756,2017
Qatar,Middle East and Northern Africa,1.87076568603516,0.439299255609512,1.27429687976837,0.604130983352661,0.710098087787628,0.330473870038986,2017
Colombia,Americas/Carib,1.07062232494354,0.0466687418520451,1.4021829366684,0.477487415075302,0.595027923583984,0.149014472961426,2017
Saudi Arabia,Middle East and Northern Africa,1.53062355518341,0.27343225479126,1.28667759895325,0.449750572443008,0.590148329734802,0.147616013884544,2017
Kuwait,Middle East and Northern Africa,1.63295245170593,0.215159550309181,1.25969874858856,0.496337592601776,0.632105708122253,0.228289797902107,2017
Slovakia,Central and Eastern Europe,1.32539355754852,0.0242108516395092,1.50505924224854,0.295817464590073,0.712732911109924,0.136544480919838,2017
Bahrain,Middle East and Northern Africa,1.48841226100922,0.257042169570923,1.32311046123505,0.536746919155121,0.653133034706116,0.172668486833572,2017
Malaysia,Asia/SouthPac,1.29121541976929,0.0656007081270218,1.28464603424072,0.402264982461929,0.618784427642822,0.416608929634094,2017
Nicaragua,Americas/Carib,0.737299203872681,0.130687981843948,1.28721570968628,0.447551846504211,0.653095960617065,0.301674216985703,2017
Ecuador,Americas/Carib,1.00082039833069,0.140134647488594,1.28616881370544,0.4551981985569,0.685636222362518,0.150112465023994,2017
El Salvador,Americas/Carib,0.909784495830536,0.0899809598922729,1.18212509155273,0.432452529668808,0.596018552780151,0.0782579854130745,2017
Poland,Central and Eastern Europe,1.29178786277771,0.0593078061938286,1.44571197032928,0.520342111587524,0.699475347995758,0.158465966582298,2017
Uzbekistan,Central and Eastern Europe,0.786441087722778,0.246528223156929,1.54896914958954,0.658248662948608,0.498272627592087,0.415983647108078,2017
Italy,Western Europe,1.39506661891937,0.0280280914157629,1.44492328166962,0.256450712680817,0.853144347667694,0.17278964817524,2017
Russia,Central and Eastern Europe,1.28177809715271,0.0329628810286522,1.46928238868713,0.373783111572266,0.547349333763123,0.0522638224065304,2017
Japan,Asia/SouthPac,1.41691517829895,0.163760736584663,1.43633782863617,0.505625545978546,0.913475871086121,0.12057276815176,2017
Lithuania,Central and Eastern Europe,1.31458234786987,0.0118656428530812,1.47351610660553,0.234231784939766,0.62894994020462,0.010164656676352,2017
Algeria,Middle East and Northern Africa,1.09186446666718,0.146096110343933,1.1462174654007,0.233335807919502,0.617584645748138,0.0694366469979286,2017
Latvia,Central and Eastern Europe,1.26074862480164,0.0738427266478539,1.40471494197845,0.325707912445068,0.638566970825195,0.153074786067009,2017
South Korea,Asia/SouthPac,1.40167844295502,0.0632826685905457,1.12827444076538,0.257921665906906,0.900214076042175,0.206674367189407,2017
Moldova,Central and Eastern Europe,0.728870630264282,0.0100912861526012,1.25182557106018,0.240729048848152,0.589465200901031,0.208779126405716,2017
Romania,Central and Eastern Europe,1.21768391132355,0.00438790069893003,1.15009129047394,0.457003742456436,0.685158312320709,0.133519917726517,2017
Bolivia,Americas/Carib,0.833756566047668,0.0604777261614799,1.22761905193329,0.558732926845551,0.473630249500275,0.22556072473526,2017
Turkmenistan,Central and Eastern Europe,1.13077676296234,0.259270340204239,1.49314916133881,0.41827192902565,0.437726080417633,0.24992498755455,2017
Kazakhstan,Central and Eastern Europe,1.28455626964569,0.119282886385918,1.38436901569366,0.437454283237457,0.606041550636292,0.201964423060417,2017
Slovenia,Central and Eastern Europe,1.3412059545517,0.0451289787888527,1.45251882076263,0.572575807571411,0.790828227996826,0.242649093270302,2017
Peru,Americas/Carib,1.03522527217865,0.0470490865409374,1.21877038478851,0.450002878904343,0.630166113376617,0.126819714903831,2017
Mauritius,Sub-Saharan Africa,1.18939554691315,0.0421815551817417,1.20956099033356,0.491247326135635,0.638007462024689,0.360933750867844,2017
Cyprus,Western Europe,1.35593807697296,0.0412379764020443,1.13136327266693,0.355111539363861,0.84471470117569,0.271254301071167,2017
Estonia,Central and Eastern Europe,1.32087934017181,0.183248922228813,1.47667109966278,0.479131430387497,0.695168316364288,0.0988908112049103,2017
Belarus,Central and Eastern Europe,1.15655755996704,0.156313821673393,1.44494521617889,0.295400261878967,0.637714266777039,0.15513750910759,2017
Libya,Middle East and Northern Africa,1.10180306434631,0.0926102101802826,1.35756433010101,0.465733230113983,0.520169019699097,0.152073666453362,2017
Turkey,Middle East and Northern Africa,1.19827437400818,0.0996715798974037,1.33775317668915,0.300740599632263,0.637605607509613,0.0466930419206619,2017
Paraguay,Americas/Carib,0.932537317276001,0.091065913438797,1.50728487968445,0.473507791757584,0.579250693321228,0.224150657653809,2017
Philippines,Asia/SouthPac,0.85769921541214,0.0993318930268288,1.25391757488251,0.585214674472809,0.468009054660797,0.193513423204422,2017
Serbia,Central and Eastern Europe,1.06931757926941,0.0409037806093693,1.25818979740143,0.208715528249741,0.65078467130661,0.220125883817673,2017
Jordan,Middle East and Northern Africa,0.991012394428253,0.11980327218771,1.23908889293671,0.418421149253845,0.604590058326721,0.172170460224152,2017
Hungary,Central and Eastern Europe,1.2860119342804,0.0366369374096394,1.34313309192657,0.175863519310951,0.687763452529907,0.0784016624093056,2017
Jamaica,Americas/Carib,0.925579309463501,0.0552677810192108,1.36821806430817,0.474307239055634,0.641022384166718,0.233818337321281,2017
Croatia,Central and Eastern Europe,1.22255623340607,0.0431031100451946,0.96798300743103,0.255772292613983,0.701288521289825,0.248002976179123,2017
Kosovo,Central and Eastern Europe,0.951484382152557,0.0574716180562973,1.13785350322723,0.260287940502167,0.541452050209045,0.319931447505951,2017
China,Asia/SouthPac,1.08116579055786,0.0227942746132612,1.16083741188049,0.472787708044052,0.741415500640869,0.0288068410009146,2017
Pakistan,Asia/SouthPac,0.72688353061676,0.124348066747189,0.672690689563751,0.23521526157856,0.402047783136368,0.315446019172668,2017
Indonesia,Asia/SouthPac,0.995538592338562,0.0153171354904771,1.27444469928741,0.443323463201523,0.492345720529556,0.611704587936401,2017
Venezuela,Americas/Carib,1.12843120098114,0.0644911229610443,1.43133759498596,0.153997123241425,0.617144227027893,0.0650196298956871,2017
Montenegro,Central and Eastern Europe,1.12112903594971,0.0881741940975189,1.23837649822235,0.194989055395126,0.667464673519135,0.197911024093628,2017
Morocco,Middle East and Northern Africa,0.878114581108093,0.0877631828188896,0.774864435195923,0.408158332109451,0.59771066904068,0.0322099551558495,2017
Azerbaijan,Central and Eastern Europe,1.15360176563263,0.180987507104874,1.15240025520325,0.398155838251114,0.540775775909424,0.0452693402767181,2017
Dominican Republic,Americas/Carib,1.07937383651733,0.113945253193378,1.40241670608521,0.55258983373642,0.574873745441437,0.186967849731445,2017
Greece,Western Europe,1.28948748111725,0.04328977689147,1.23941457271576,0.0957312509417534,0.810198903083801,0,2017
Lebanon,Middle East and Northern Africa,1.07498753070831,0.037513829767704,1.12962424755096,0.288515985012054,0.73508107662200906,0.264450758695602,2017
Portugal,Western Europe,1.3151752948761,0.0158694516867399,1.36704301834106,0.498465299606323,0.795843541622162,0.0951027125120163,2017
Bosnia and Herzegovina,Central and Eastern Europe,0.982409417629242,0,1.0693359375,0.204403176903725,0.705186307430267,0.328867495059967,2017
Honduras,Americas/Carib,0.730573117733002,0.0733454525470734,1.14394497871399,0.348079860210419,0.582569479942322,0.236188873648643,2017
Vietnam,Asia/SouthPac,0.788547575473785,0.0876332372426987,1.27749133110046,0.571055591106415,0.652168989181519,0.234968051314354,2017
Nigeria,Sub-Saharan Africa,0.783756256103516,0.0261215660721064,1.21577048301697,0.394952565431595,0.0569157302379608,0.230947196483612,2017
Tajikistan,Central and Eastern Europe,0.524713635444641,0.146377146244049,1.27146327495575,0.471566706895828,0.529235124588013,0.248997643589973,2017
Bhutan,Asia/SouthPac,0.885416388511658,0.173380389809608,1.34012651443481,0.501537680625916,0.495879292488098,0.474054545164108,2017
Kyrgyzstan,Central and Eastern Europe,0.596220076084137,0.0394391790032387,1.39423859119415,0.454943388700485,0.553457796573639,0.42858037352562,2017
Nepal,Asia/SouthPac,0.479820191860199,0.0729755461215973,1.17928326129913,0.440305948257446,0.504130780696869,0.394096165895462,2017
Mongolia,Asia/SouthPac,1.02723586559296,0.0329022891819477,1.4930112361908,0.394143968820572,0.557783484458923,0.338464230298996,2017
South Africa,Sub-Saharan Africa,1.05469870567322,0.0725094974040985,1.38478863239288,0.479246735572815,0.187080070376396,0.139362379908562,2017
Tunisia,Middle East and Northern Africa,1.00726580619812,0.0867231488227844,0.868351459503174,0.289680689573288,0.613212049007416,0.0496933571994305,2017
Palestinian Territories,Middle East and Northern Africa,0.716249227523804,0.0892826020717621,1.15564715862274,0.25471106171608,0.565666973590851,0.114173173904419,2017
Egypt,Middle East and Northern Africa,0.989701807498932,0.114381365478039,0.997471392154694,0.282110154628754,0.520187258720398,0.128631442785263,2017
Bulgaria,Central and Eastern Europe,1.1614590883255,0.0110515309497714,1.43437945842743,0.289231717586517,0.708217680454254,0.113177694380283,2017
Sierra Leone,Sub-Saharan Africa,0.36842092871666,0.0710951760411263,0.984136044979095,0.318697690963745,0.00556475389748812,0.293040901422501,2017
Cameroon,Sub-Saharan Africa,0.564305365085602,0.0513066314160824,0.946018218994141,0.430388748645782,0.132892116904259,0.236298456788063,2017
Iran,Middle East and Northern Africa,1.15687310695648,0.048761073499918,0.711551249027252,0.249322608113289,0.639333188533783,0.387242913246155,2017
Albania,Central and Eastern Europe,0.996192753314972,0.0398642159998417,0.803685247898102,0.381498634815216,0.731159746646881,0.201312944293022,2017
Bangladesh,Asia/SouthPac,0.586682975292206,0.123717859387398,0.735131740570068,0.478356659412384,0.533241033554077,0.172255352139473,2017
Kenya,Sub-Saharan Africa,0.560479462146759,0.0646413192152977,1.06795072555542,0.452763766050339,0.309988349676132,0.444860309362411,2017
Myanmar,Asia/SouthPac,0.367110550403595,0.188816204667091,1.12323594093323,0.514492034912109,0.397522568702698,0.838075160980225,2017
Senegal,Sub-Saharan Africa,0.479309022426605,0.115460447967052,1.17969191074371,0.377922266721725,0.409362852573395,0.183468893170357,2017
Zambia,Sub-Saharan Africa,0.636406779289246,0.0782135501503944,1.00318729877472,0.461603492498398,0.257835894823074,0.249580144882202,2017
Iraq,Middle East and Northern Africa,1.10271048545837,0.107215754687786,0.978613197803497,0.288555532693863,0.50118046998977706,0.19963726401329,2017
Gabon,Sub-Saharan Africa,1.1982102394104,0.0760467872023582,1.1556202173233,0.312328577041626,0.356578588485718,0.0437853783369064,2017
Ethiopia,Sub-Saharan Africa,0.339233845472336,0.165455713868141,0.86466920375824,0.408842742443085,0.353409707546234,0.312650740146637,2017
Sri Lanka,Asia/SouthPac,1.00985014438629,0.0736539661884308,1.25997638702393,0.561213254928589,0.625130832195282,0.490863561630249,2017
Armenia,Central and Eastern Europe,0.900596737861633,0.0266744215041399,1.00748372077942,0.198303267359734,0.637524425983429,0.0834880918264389,2017
India,Asia/SouthPac,0.792221248149872,0.0922268852591515,0.754372596740723,0.469987004995346,0.455427616834641,0.231538489460945,2017
Mauritania,Sub-Saharan Africa,0.648457288742065,0.13695700466632801,1.2720308303833,0.0960980430245399,0.285349279642105,0.201870024204254,2017
Congo (Brazzaville),Sub-Saharan Africa,0.808964252471924,0.0796181336045265,0.832044363021851,0.435025870800018,0.28995743393898,0.120852127671242,2017
Georgia,Central and Eastern Europe,0.950612664222717,0.251666635274887,0.57061493396759,0.309410035610199,0.649546980857849,0.0540088154375553,2017
Congo (Kinshasa),Sub-Saharan Africa,0.0921023488044739,0.0602413564920425,1.22902345657349,0.235961347818375,0.191407024860382,0.246455833315849,2017
Mali,Sub-Saharan Africa,0.476180493831635,0.104970246553421,1.28147339820862,0.306613743305206,0.169365674257278,0.183354198932648,2017
Ivory Coast,Sub-Saharan Africa,0.603048920631409,0.130061775445938,0.904780030250549,0.447706192731857,0.0486421696841717,0.201237469911575,2017
Cambodia,Asia/SouthPac,0.601765096187592,0.0681059509515762,1.00623834133148,0.633375823497772,0.429783403873444,0.385922968387604,2017
Ghana,Sub-Saharan Africa,0.667224824428558,0.0253363698720932,0.873664736747742,0.423026293516159,0.295637726783752,0.256923943758011,2017
Ukraine,Central and Eastern Europe,0.89465194940567,0.0230294708162546,1.39453756809235,0.122974775731564,0.575903952121735,0.270061463117599,2017
Uganda,Sub-Saharan Africa,0.381430715322495,0.057069718837738,1.12982773780823,0.443185955286026,0.217632606625557,0.325766056776047,2017
Burkina Faso,Sub-Saharan Africa,0.3502277135849,0.120328105986118,1.04328000545502,0.324367851018906,0.215844258666039,0.250864684581757,2017
Niger,Sub-Saharan Africa,0.161925330758095,0.138572946190834,0.993025004863739,0.36365869641304,0.26850500702858,0.228673845529556,2017
Malawi,Sub-Saharan Africa,0.233442038297653,0.0727116540074348,0.512568831443787,0.466914653778076,0.315089583396912,0.287170469760895,2017
Chad,Sub-Saharan Africa,0.438012987375259,0.0535818822681904,0.953855872154236,0.16234202682972,0.0411347150802612,0.216113850474358,2017
Zimbabwe,Sub-Saharan Africa,0.375846534967422,0.0953753814101219,1.08309590816498,0.336384207010269,0.196763753890991,0.189143493771553,2017
Afghanistan,Asia/SouthPac,0.401477217674255,0.0611578300595284,0.581543326377869,0.106179520487785,0.180746778845787,0.311870932579041,2017
Botswana,Sub-Saharan Africa,1.12209415435791,0.0985831990838051,1.22155499458313,0.505196332931519,0.341755509376526,0.0993484482169151,2017
Benin,Sub-Saharan Africa,0.431085407733917,0.0609290152788162,0.435299843549728,0.425962775945663,0.209930211305618,0.207948461174965,2017
Madagascar,Sub-Saharan Africa,0.305808693170547,0.0672319754958153,0.913020372390747,0.189196765422821,0.375223308801651,0.208732530474663,2017
Haiti,Americas/Carib,0.368610262870789,0.0998721495270729,0.640449821949005,0.0303698573261499,0.277321130037308,0.489203780889511,2017
Yemen,Middle East and Northern Africa,0.591683447360992,0.0567674227058887,0.93538224697113,0.249463722109795,0.310080915689468,0.104125209152699,2017
Liberia,Sub-Saharan Africa,0.119041793048382,0.0389482490718365,0.872117936611176,0.332881182432175,0.229918196797371,0.26654988527298,2017
Guinea,Sub-Saharan Africa,0.244549930095673,0.110937617719173,0.791244685649872,0.348587512969971,0.194129139184952,0.264815092086792,2017
Togo,Sub-Saharan Africa,0.305444717407227,0.0956650152802467,0.431882530450821,0.38042613863945,0.247105568647385,0.196896150708199,2017
Rwanda,Sub-Saharan Africa,0.368745893239975,0.455220013856888,0.945707023143768,0.581843852996826,0.326424807310104,0.252756029367447,2017
Syria,Middle East and Northern Africa,0.777153134346008,0.151347130537033,0.396102607250214,0.0815394446253777,0.50053334236145,0.493663728237152,2017
Tanzania,Sub-Saharan Africa,0.511135876178741,0.0660351067781448,1.04198980331421,0.390017777681351,0.364509284496307,0.354256361722946,2017
Burundi,Sub-Saharan Africa,0.091622568666935,0.0841479450464249,0.629793584346771,0.0599007532000542,0.151610791683197,0.204435184597969,2017
Finland,Western Europe,1.305,0.393,1.592,0.681,0.874,0.202,2018
Norway,Western Europe,1.456,0.34,1.582,0.686,0.861,0.286,2018
Denmark,Western Europe,1.351,0.408,1.59,0.683,0.868,0.284,2018
Iceland,Western Europe,1.343,0.138,1.644,0.677,0.914,0.353,2018
Switzerland,Western Europe,1.42,0.357,1.549,0.66,0.927,0.256,2018
Netherlands,Western Europe,1.361,0.295,1.488,0.638,0.878,0.333,2018
Canada,Americas/Carib,1.33,0.291,1.532,0.653,0.896,0.321,2018
New Zealand,Asia/SouthPac,1.268,0.389,1.601,0.669,0.876,0.365,2018
Sweden,Western Europe,1.355,0.383,1.501,0.659,0.913,0.285,2018
Australia,Asia/SouthPac,1.34,0.302,1.573,0.647,0.91,0.361,2018
United Kingdom,Western Europe,1.244,0.082,1.433,0.464,0.888,0.262,2018
Austria,Western Europe,1.341,0.224,1.504,0.617,0.891,0.242,2018
Costa Rica,Americas/Carib,1.01,0.101,1.459,0.632,0.817,0.143,2018
Ireland,Western Europe,1.448,0.306,1.583,0.614,0.876,0.307,2018
Germany,Western Europe,1.34,0.28,1.474,0.586,0.861,0.273,2018
Belgium,Western Europe,1.324,0.24,1.483,0.583,0.894,0.188,2018
Luxembourg,Western Europe,1.576,0.321,1.52,0.632,0.896,0.196,2018
United States,Americas/Carib,1.398,0.133,1.471,0.547,0.819,0.291,2018
Israel,Middle East and Northern Africa,1.301,0.272,1.559,0.533,0.883,0.354,2018
United Arab Emirates,Middle East and Northern Africa,2.096,NA,0.776,0.284,0.67,0.186,2018
Czech Republic,Central and Eastern Europe,1.233,0.034,1.489,0.543,0.854,0.064,2018
Malta,Western Europe,1.27,0.142,1.525,0.645,0.884,0.376,2018
France,Western Europe,1.293,0.176,1.466,0.52,0.908,0.098,2018
Mexico,Americas/Carib,1.038,0.095,1.252,0.479,0.761,0.069,2018
Chile,Americas/Carib,1.131,0.061,1.331,0.431,0.808,0.197,2018
Panama,Americas/Carib,1.112,0.063,1.438,0.597,0.759,0.125,2018
Brazil,Americas/Carib,0.986,0.088,1.474,0.493,0.675,0.11,2018
Argentina,Americas/Carib,1.073,0.054,1.468,0.57,0.744,0.062,2018
Guatemala,Americas/Carib,0.781,0.071,1.268,0.604,0.608,0.179,2018
Uruguay,Americas/Carib,1.093,0.155,1.459,0.625,0.771,0.13,2018
Qatar,Middle East and Northern Africa,1.649,0.171,1.303,0.654,0.748,0.256,2018
Saudi Arabia,Middle East and Northern Africa,1.379,0.127,1.331,0.509,0.633,0.098,2018
Singapore,Asia/SouthPac,1.529,0.457,1.451,0.631,1.008,0.261,2018
Malaysia,Asia/SouthPac,1.161,0.059,1.258,0.356,0.669,0.311,2018
Spain,Western Europe,1.251,0.074,1.538,0.449,0.965,0.142,2018
Colombia,Americas/Carib,0.96,0.039,1.439,0.531,0.635,0.099,2018
Slovakia,Central and Eastern Europe,1.21,0.014,1.537,0.354,0.776,0.118,2018
El Salvador,Americas/Carib,0.806,0.082,1.231,0.461,0.639,0.065,2018
Nicaragua,Americas/Carib,0.668,0.128,1.319,0.527,0.7,0.208,2018
Poland,Central and Eastern Europe,1.176,0.064,1.448,0.546,0.781,0.108,2018
Bahrain,Middle East and Northern Africa,1.338,0.123,1.366,0.594,0.698,0.243,2018
Uzbekistan,Central and Eastern Europe,0.719,0.259,1.584,0.724,0.605,0.328,2018
Kuwait,Middle East and Northern Africa,1.474,0.106,1.301,0.554,0.675,0.167,2018
Thailand,Asia/SouthPac,1.016,0.029,1.417,0.637,0.707,0.364,2018
Italy,Western Europe,1.264,0.028,1.501,0.281,0.946,0.137,2018
Ecuador,Americas/Carib,0.889,0.12,1.33,0.556,0.736,0.114,2018
Lithuania,Central and Eastern Europe,1.197,0.006,1.527,0.35,0.716,0.026,2018
Slovenia,Central and Eastern Europe,1.219,0.051,1.506,0.633,0.856,0.16,2018
Romania,Central and Eastern Europe,1.116,0.001,1.219,0.528,0.726,0.088,2018
Latvia,Central and Eastern Europe,1.148,0.066,1.454,0.363,0.671,0.092,2018
Japan,Asia/SouthPac,1.294,0.15,1.462,0.553,0.988,0.079,2018
Mauritius,Sub-Saharan Africa,1.09,0.05,1.387,0.584,0.684,0.245,2018
Jamaica,Americas/Carib,0.819,0.031,1.493,0.575,0.693,0.096,2018
South Korea,Asia/SouthPac,1.266,0.051,1.204,0.244,0.955,0.175,2018
Russia,Central and Eastern Europe,1.151,0.025,1.479,0.399,0.599,0.065,2018
Kazakhstan,Central and Eastern Europe,1.143,0.121,1.516,0.454,0.631,0.148,2018
Cyprus,Western Europe,1.229,0.035,1.191,0.423,0.909,0.202,2018
Bolivia,Americas/Carib,0.751,0.054,1.223,0.606,0.508,0.141,2018
Estonia,Central and Eastern Europe,1.2,0.174,1.532,0.553,0.737,0.086,2018
Paraguay,Americas/Carib,0.835,0.074,1.522,0.541,0.615,0.162,2018
Peru,Americas/Carib,0.934,0.034,1.249,0.53,0.674,0.092,2018
Kosovo,Central and Eastern Europe,0.855,0.023,1.23,0.448,0.578,0.274,2018
Moldova,Central and Eastern Europe,0.657,0,1.301,0.232,0.62,0.171,2018
Turkmenistan,Central and Eastern Europe,1.016,0.037,1.533,0.417,0.517,0.199,2018
Hungary,Central and Eastern Europe,1.171,0.022,1.401,0.259,0.732,0.061,2018
Libya,Middle East and Northern Africa,0.985,0.148,1.35,0.496,0.553,0.116,2018
Philippines,Asia/SouthPac,0.775,0.105,1.312,0.643,0.513,0.12,2018
Honduras,Americas/Carib,0.62,0.074,1.205,0.459,0.622,0.197,2018
Belarus,Central and Eastern Europe,1.039,0.154,1.498,0.307,0.7,0.101,2018
Turkey,Middle East and Northern Africa,1.148,0.109,1.38,0.324,0.686,0.106,2018
Pakistan,Asia/SouthPac,0.652,0.113,0.81,0.334,0.424,0.216,2018
Portugal,Western Europe,1.188,0.017,1.429,0.562,0.884,0.055,2018
Serbia,Central and Eastern Europe,0.975,0.043,1.369,0.288,0.685,0.134,2018
Greece,Western Europe,1.154,0.044,1.202,0.131,0.879,0,2018
Lebanon,Middle East and Northern Africa,0.965,0.136,1.179,0.503,0.785,0.214,2018
Montenegro,Central and Eastern Europe,1.017,0.081,1.279,0.259,0.729,0.111,2018
Croatia,Central and Eastern Europe,1.115,0.039,1.161,0.38,0.737,0.12,2018
Dominican Republic,Americas/Carib,0.982,0.106,1.441,0.578,0.614,0.12,2018
Algeria,Middle East and Northern Africa,0.979,0.135,1.154,0.077,0.687,0.055,2018
Morocco,Middle East and Northern Africa,0.779,0.074,0.797,0.46,0.669,0.026,2018
China,Asia/SouthPac,0.989,0.103,1.142,0.597,0.799,0.029,2018
Azerbaijan,Central and Eastern Europe,1.024,0.176,1.161,0.43,0.603,0.031,2018
Tajikistan,Central and Eastern Europe,0.474,0.034,1.166,0.292,0.598,0.187,2018
Jordan,Middle East and Northern Africa,0.822,0.134,1.265,0.468,0.645,0.13,2018
Nigeria,Sub-Saharan Africa,0.689,0.032,1.172,0.462,0.048,0.201,2018
Kyrgyzstan,Central and Eastern Europe,0.53,0.035,1.416,0.54,0.594,0.281,2018
Bosnia and Herzegovina,Central and Eastern Europe,0.915,0,1.078,0.28,0.758,0.216,2018
Mongolia,Asia/SouthPac,0.914,0.032,1.517,0.395,0.575,0.253,2018
Vietnam,Asia/SouthPac,0.715,0.079,1.365,0.618,0.702,0.177,2018
Indonesia,Asia/SouthPac,0.899,0.018,1.215,0.538,0.522,0.484,2018
Bhutan,Asia/SouthPac,0.796,0.171,1.335,0.541,0.527,0.364,2018
Cameroon,Sub-Saharan Africa,0.535,0.043,0.891,0.454,0.182,0.183,2018
Bulgaria,Central and Eastern Europe,1.054,0.009,1.515,0.359,0.712,0.064,2018
Nepal,Asia/SouthPac,0.425,0.078,1.228,0.526,0.539,0.302,2018
Venezuela,Americas/Carib,0.996,0.052,1.469,0.133,0.657,0.056,2018
Gabon,Sub-Saharan Africa,1.036,0.052,1.164,0.356,0.404,0.032,2018
Palestinian Territories,Middle East and Northern Africa,0.642,0.076,1.217,0.266,0.602,0.086,2018
South Africa,Sub-Saharan Africa,0.94,0.056,1.41,0.516,0.33,0.103,2018
Iran,Middle East and Northern Africa,1.059,0.129,0.771,0.459,0.691,0.282,2018
Ivory Coast,Sub-Saharan Africa,0.541,0.103,0.872,0.467,0.08,0.146,2018
Ghana,Sub-Saharan Africa,0.592,0.029,0.896,0.499,0.337,0.212,2018
Senegal,Sub-Saharan Africa,0.429,0.082,1.117,0.406,0.433,0.138,2018
Tunisia,Middle East and Northern Africa,0.9,0.063,0.906,0.271,0.69,0.04,2018
Albania,Central and Eastern Europe,0.916,0.032,0.817,0.419,0.79,0.149,2018
Sierra Leone,Sub-Saharan Africa,0.256,0.053,0.813,0.355,0,0.238,2018
Congo (Brazzaville),Sub-Saharan Africa,0.682,0.077,0.811,0.514,0.343,0.091,2018
Bangladesh,Asia/SouthPac,0.532,0.144,0.85,0.58,0.579,0.153,2018
Sri Lanka,Asia/SouthPac,0.918,0.05,1.314,0.585,0.672,0.307,2018
Iraq,Middle East and Northern Africa,1.01,0.095,0.971,0.304,0.536,0.148,2018
Mali,Sub-Saharan Africa,0.37,0.056,1.233,0.367,0.152,0.139,2018
Cambodia,Asia/SouthPac,0.549,0.065,1.088,0.696,0.457,0.256,2018
Burkina Faso,Sub-Saharan Africa,0.314,0.128,1.097,0.312,0.254,0.175,2018
Egypt,Middle East and Northern Africa,0.885,0.107,1.025,0.312,0.553,0.092,2018
Kenya,Sub-Saharan Africa,0.493,0.055,1.048,0.504,0.454,0.352,2018
Zambia,Sub-Saharan Africa,0.562,0.082,1.047,0.503,0.295,0.221,2018
Mauritania,Sub-Saharan Africa,0.557,0.093,1.245,0.129,0.292,0.134,2018
Ethiopia,Sub-Saharan Africa,0.308,0.146,0.95,0.452,0.391,0.22,2018
Georgia,Central and Eastern Europe,0.853,0.215,0.592,0.375,0.643,0.038,2018
Armenia,Central and Eastern Europe,0.816,0.028,0.99,0.26,0.666,0.077,2018
Myanmar,Asia/SouthPac,0.682,0.178,1.174,0.58,0.429,0.598,2018
Chad,Sub-Saharan Africa,0.358,0.06,0.907,0.189,0.053,0.181,2018
Congo (Kinshasa),Sub-Saharan Africa,0.069,0.052,1.136,0.312,0.204,0.197,2018
India,Asia/SouthPac,0.721,0.093,0.747,0.539,0.485,0.172,2018
Niger,Sub-Saharan Africa,0.131,0.099,0.867,0.39,0.221,0.175,2018
Uganda,Sub-Saharan Africa,0.322,0.061,1.09,0.45,0.237,0.259,2018
Benin,Sub-Saharan Africa,0.378,0.067,0.372,0.44,0.24,0.163,2018
Ukraine,Central and Eastern Europe,0.793,0.011,1.413,0.163,0.609,0.187,2018
Togo,Sub-Saharan Africa,0.259,0.101,0.474,0.434,0.253,0.158,2018
Guinea,Sub-Saharan Africa,0.344,0.094,0.792,0.394,0.211,0.185,2018
Madagascar,Sub-Saharan Africa,0.262,0.049,0.908,0.221,0.402,0.155,2018
Zimbabwe,Sub-Saharan Africa,0.357,0.099,1.094,0.406,0.248,0.132,2018
Afghanistan,Asia/SouthPac,0.332,0.036,0.537,0.085,0.255,0.191,2018
Botswana,Sub-Saharan Africa,1.017,0.092,1.174,0.557,0.417,0.042,2018
Malawi,Sub-Saharan Africa,0.186,0.08,0.541,0.531,0.306,0.21,2018
Haiti,Americas/Carib,0.315,0.104,0.714,0.025,0.289,0.392,2018
Liberia,Sub-Saharan Africa,0.076,0.03,0.858,0.419,0.267,0.206,2018
Syria,Middle East and Northern Africa,0.689,0.144,0.382,0.088,0.539,0.376,2018
Rwanda,Sub-Saharan Africa,0.332,0.444,0.896,0.636,0.4,0.2,2018
Yemen,Middle East and Northern Africa,0.442,0.064,1.073,0.244,0.343,0.083,2018
Tanzania,Sub-Saharan Africa,0.455,0.097,0.991,0.481,0.381,0.27,2018
Burundi,Sub-Saharan Africa,0.091,0.076,0.627,0.065,0.145,0.149,2018
Finland,Western Europe,1.34,0.393,1.587,0.596,0.986,0.153,2019
Denmark,Western Europe,1.383,0.41,1.573,0.592,0.996,0.252,2019
Norway,Western Europe,1.488,0.341,1.582,0.603,1.028,0.271,2019
Iceland,Western Europe,1.38,0.118,1.624,0.591,1.026,0.354,2019
Netherlands,Western Europe,1.396,0.298,1.522,0.557,0.999,0.322,2019
Switzerland,Western Europe,1.452,0.343,1.526,0.572,1.052,0.263,2019
Sweden,Western Europe,1.387,0.373,1.487,0.574,1.009,0.267,2019
New Zealand,Asia/SouthPac,1.303,0.38,1.557,0.585,1.026,0.33,2019
Canada,Americas/Carib,1.365,0.308,1.505,0.584,1.039,0.285,2019
Austria,Western Europe,1.376,0.226,1.475,0.532,1.016,0.244,2019
Australia,Asia/SouthPac,1.372,0.29,1.548,0.557,1.036,0.332,2019
Costa Rica,Americas/Carib,1.034,0.093,1.441,0.558,0.963,0.144,2019
Israel,Middle East and Northern Africa,1.276,0.082,1.455,0.371,1.029,0.261,2019
Luxembourg,Western Europe,1.609,0.316,1.479,0.526,1.012,0.194,2019
United Kingdom,Western Europe,1.333,0.278,1.538,0.45,0.996,0.348,2019
Ireland,Western Europe,1.499,0.31,1.553,0.516,0.999,0.298,2019
Germany,Western Europe,1.373,0.265,1.454,0.495,0.987,0.261,2019
Belgium,Western Europe,1.356,0.21,1.504,0.473,0.986,0.16,2019
United States,Americas/Carib,1.433,0.128,1.457,0.454,0.874,0.28,2019
Czech Republic,Central and Eastern Europe,1.269,0.036,1.487,0.457,0.92,0.046,2019
United Arab Emirates,Middle East and Northern Africa,1.503,0.182,1.31,0.598,0.825,0.262,2019
Malta,Western Europe,1.3,0.151,1.52,0.564,0.999,0.375,2019
Mexico,Americas/Carib,1.07,0.073,1.323,0.433,0.861,0.074,2019
France,Western Europe,1.324,0.183,1.472,0.436,1.045,0.111,2019
Chile,Americas/Carib,1.159,0.056,1.369,0.357,0.92,0.187,2019
Guatemala,Americas/Carib,0.8,0.078,1.269,0.535,0.746,0.175,2019
Saudi Arabia,Middle East and Northern Africa,1.403,0.132,1.357,0.439,0.795,0.08,2019
Qatar,Middle East and Northern Africa,1.684,0.167,1.313,0.555,0.871,0.22,2019
Spain,Western Europe,1.286,0.079,1.484,0.362,1.062,0.153,2019
Panama,Americas/Carib,1.149,0.054,1.442,0.516,0.91,0.109,2019
Brazil,Americas/Carib,1.004,0.086,1.439,0.39,0.802,0.099,2019
Uruguay,Americas/Carib,1.124,0.15,1.465,0.523,0.891,0.127,2019
Singapore,Asia/SouthPac,1.572,0.453,1.463,0.556,1.141,0.271,2019
El Salvador,Americas/Carib,0.794,0.074,1.242,0.43,0.789,0.093,2019
Italy,Western Europe,1.294,0.03,1.488,0.231,1.039,0.158,2019
Bahrain,Middle East and Northern Africa,1.362,0.11,1.368,0.536,0.871,0.255,2019
Slovakia,Central and Eastern Europe,1.246,0.014,1.504,0.334,0.881,0.121,2019
Poland,Central and Eastern Europe,1.206,0.05,1.438,0.483,0.884,0.117,2019
Uzbekistan,Central and Eastern Europe,0.745,0.24,1.529,0.631,0.756,0.322,2019
Lithuania,Central and Eastern Europe,1.238,0.042,1.515,0.291,0.818,0.043,2019
Colombia,Americas/Carib,0.985,0.034,1.41,0.47,0.841,0.099,2019
Slovenia,Central and Eastern Europe,1.258,0.057,1.523,0.564,0.953,0.144,2019
Nicaragua,Americas/Carib,0.694,0.127,1.325,0.435,0.835,0.2,2019
Kosovo,Central and Eastern Europe,0.882,0.006,1.232,0.489,0.758,0.262,2019
Argentina,Americas/Carib,1.092,0.05,1.432,0.471,0.881,0.066,2019
Romania,Central and Eastern Europe,1.162,0.005,1.232,0.462,0.825,0.083,2019
Cyprus,Western Europe,1.263,0.041,1.223,0.406,1.042,0.19,2019
Ecuador,Americas/Carib,0.912,0.087,1.312,0.498,0.868,0.126,2019
Kuwait,Middle East and Northern Africa,1.5,0.097,1.319,0.493,0.808,0.142,2019
Thailand,Asia/SouthPac,1.05,0.028,1.409,0.557,0.828,0.359,2019
Latvia,Central and Eastern Europe,1.187,0.064,1.465,0.264,0.812,0.075,2019
South Korea,Asia/SouthPac,1.301,0.056,1.219,0.159,1.036,0.175,2019
Estonia,Central and Eastern Europe,1.237,0.161,1.528,0.495,0.874,0.103,2019
Jamaica,Americas/Carib,0.831,0.028,1.478,0.49,0.831,0.107,2019
Mauritius,Sub-Saharan Africa,1.12,0.06,1.402,0.498,0.798,0.215,2019
Japan,Asia/SouthPac,1.327,0.14,1.419,0.445,1.088,0.069,2019
Honduras,Americas/Carib,0.642,0.078,1.236,0.507,0.828,0.246,2019
Kazakhstan,Central and Eastern Europe,1.173,0.096,1.508,0.41,0.729,0.146,2019
Bolivia,Americas/Carib,0.776,0.064,1.209,0.511,0.706,0.137,2019
Hungary,Central and Eastern Europe,1.201,0.02,1.41,0.199,0.828,0.081,2019
Paraguay,Americas/Carib,0.855,0.08,1.475,0.514,0.777,0.184,2019
Peru,Americas/Carib,0.96,0.027,1.274,0.455,0.854,0.083,2019
Portugal,Western Europe,1.221,0.025,1.431,0.508,0.999,0.047,2019
Pakistan,Asia/SouthPac,0.677,0.098,0.886,0.313,0.535,0.22,2019
Russia,Central and Eastern Europe,1.183,0.031,1.452,0.334,0.726,0.082,2019
Philippines,Asia/SouthPac,0.807,0.107,1.293,0.558,0.657,0.117,2019
Serbia,Central and Eastern Europe,1.004,0.039,1.383,0.282,0.854,0.137,2019
Moldova,Central and Eastern Europe,0.685,0,1.328,0.245,0.739,0.181,2019
Libya,Middle East and Northern Africa,1.044,0.152,1.303,0.416,0.673,0.133,2019
Montenegro,Central and Eastern Europe,1.051,0.08,1.361,0.197,0.871,0.142,2019
Tajikistan,Central and Eastern Europe,0.493,0.144,1.098,0.389,0.718,0.23,2019
Croatia,Central and Eastern Europe,1.155,0.022,1.266,0.296,0.914,0.119,2019
Dominican Republic,Americas/Carib,1.015,0.101,1.401,0.497,0.779,0.113,2019
Bosnia and Herzegovina,Central and Eastern Europe,0.945,0.006,1.212,0.212,0.845,0.263,2019
Turkey,Middle East and Northern Africa,1.183,0.106,1.36,0.195,0.808,0.083,2019
Malaysia,Asia/SouthPac,1.221,0.024,1.171,0.508,0.828,0.26,2019
Belarus,Central and Eastern Europe,1.067,0.142,1.465,0.235,0.789,0.094,2019
Greece,Western Europe,1.181,0.034,1.156,0.067,0.999,0,2019
Mongolia,Asia/SouthPac,0.948,0.038,1.531,0.317,0.667,0.235,2019
Nigeria,Sub-Saharan Africa,0.696,0.041,1.111,0.426,0.245,0.215,2019
Kyrgyzstan,Central and Eastern Europe,0.551,0.023,1.438,0.508,0.723,0.3,2019
Turkmenistan,Central and Eastern Europe,1.052,0.028,1.538,0.394,0.657,0.244,2019
Algeria,Middle East and Northern Africa,1.002,0.114,1.16,0.086,0.785,0.073,2019
Morocco,Middle East and Northern Africa,0.801,0.076,0.782,0.418,0.782,0.036,2019
Azerbaijan,Central and Eastern Europe,1.043,0.182,1.147,0.351,0.769,0.035,2019
Lebanon,Middle East and Northern Africa,0.987,0.027,1.224,0.216,0.815,0.166,2019
Indonesia,Asia/SouthPac,0.931,0.028,1.203,0.491,0.66,0.498,2019
China,Asia/SouthPac,1.029,0.1,1.125,0.521,0.893,0.058,2019
Vietnam,Asia/SouthPac,0.741,0.073,1.346,0.543,0.851,0.147,2019
Bhutan,Asia/SouthPac,0.813,0.167,1.321,0.457,0.604,0.37,2019
Cameroon,Sub-Saharan Africa,0.549,0.037,0.91,0.381,0.331,0.187,2019
Bulgaria,Central and Eastern Europe,1.092,0.004,1.513,0.311,0.815,0.081,2019
Ghana,Sub-Saharan Africa,0.611,0.04,0.868,0.381,0.486,0.245,2019
Ivory Coast,Sub-Saharan Africa,0.569,0.09,0.808,0.352,0.232,0.154,2019
Nepal,Asia/SouthPac,0.446,0.089,1.226,0.439,0.677,0.285,2019
Jordan,Middle East and Northern Africa,0.837,0.13,1.225,0.383,0.815,0.11,2019
Benin,Sub-Saharan Africa,0.393,0.082,0.437,0.349,0.397,0.175,2019
Congo (Brazzaville),Sub-Saharan Africa,0.673,0.093,0.799,0.372,0.508,0.105,2019
Gabon,Sub-Saharan Africa,1.057,0.055,1.183,0.295,0.571,0.043,2019
South Africa,Sub-Saharan Africa,0.96,0.055,1.351,0.389,0.469,0.13,2019
Albania,Central and Eastern Europe,0.947,0.027,0.848,0.383,0.874,0.178,2019
Venezuela,Americas/Carib,0.96,0.047,1.427,0.154,0.805,0.064,2019
Cambodia,Asia/SouthPac,0.574,0.062,1.122,0.609,0.637,0.232,2019
Palestinian Territories,Middle East and Northern Africa,0.657,0.066,1.247,0.225,0.672,0.103,2019
Senegal,Sub-Saharan Africa,0.45,0.072,1.134,0.292,0.571,0.153,2019
Niger,Sub-Saharan Africa,0.138,0.102,0.774,0.318,0.366,0.188,2019
Burkina Faso,Sub-Saharan Africa,0.331,0.113,1.056,0.255,0.38,0.177,2019
Armenia,Central and Eastern Europe,0.85,0.064,1.055,0.283,0.815,0.095,2019
Iran,Middle East and Northern Africa,1.1,0.125,0.842,0.305,0.785,0.27,2019
Guinea,Sub-Saharan Africa,0.38,0.086,0.829,0.332,0.375,0.207,2019
Georgia,Central and Eastern Europe,0.886,0.164,0.666,0.346,0.752,0.043,2019
Kenya,Sub-Saharan Africa,0.512,0.053,0.983,0.431,0.581,0.372,2019
Mauritania,Sub-Saharan Africa,0.57,0.088,1.167,0.066,0.489,0.106,2019
Tunisia,Middle East and Northern Africa,0.921,0.055,1,0.167,0.815,0.059,2019
Bangladesh,Asia/SouthPac,0.562,0.143,0.928,0.527,0.723,0.166,2019
Iraq,Middle East and Northern Africa,1.043,0.089,0.98,0.241,0.574,0.148,2019
Congo (Kinshasa),Sub-Saharan Africa,0.094,0.053,1.125,0.269,0.357,0.212,2019
Mali,Sub-Saharan Africa,0.385,0.052,1.105,0.327,0.308,0.153,2019
Sierra Leone,Sub-Saharan Africa,0.268,0.045,0.841,0.309,0.242,0.252,2019
Sri Lanka,Asia/SouthPac,0.949,0.047,1.265,0.47,0.831,0.244,2019
Myanmar,Asia/SouthPac,0.71,0.172,1.181,0.525,0.555,0.566,2019
Chad,Sub-Saharan Africa,0.35,0.078,0.766,0.174,0.192,0.198,2019
Ukraine,Central and Eastern Europe,0.82,0.01,1.39,0.178,0.739,0.187,2019
Ethiopia,Sub-Saharan Africa,0.336,0.1,1.033,0.344,0.532,0.209,2019
Uganda,Sub-Saharan Africa,0.332,0.06,1.069,0.356,0.443,0.252,2019
Egypt,Middle East and Northern Africa,0.913,0.067,1.039,0.241,0.644,0.076,2019
Zambia,Sub-Saharan Africa,0.578,0.087,1.058,0.431,0.426,0.247,2019
Togo,Sub-Saharan Africa,0.275,0.085,0.572,0.293,0.41,0.177,2019
India,Asia/SouthPac,0.755,0.085,0.765,0.498,0.588,0.2,2019
Liberia,Sub-Saharan Africa,0.073,0.033,0.922,0.37,0.443,0.233,2019
Madagascar,Sub-Saharan Africa,0.274,0.041,0.916,0.148,0.555,0.169,2019
Burundi,Sub-Saharan Africa,0.046,0.18,0.447,0.22,0.38,0.176,2019
Zimbabwe,Sub-Saharan Africa,0.366,0.089,1.114,0.361,0.433,0.151,2019
Haiti,Americas/Carib,0.323,0.11,0.688,0.026,0.449,0.419,2019
Botswana,Sub-Saharan Africa,1.041,0.1,1.145,0.455,0.538,0.025,2019
Syria,Middle East and Northern Africa,0.619,0.141,0.378,0.013,0.44,0.331,2019
Malawi,Sub-Saharan Africa,0.191,0.089,0.56,0.443,0.495,0.218,2019
Yemen,Middle East and Northern Africa,0.287,0.077,1.163,0.143,0.463,0.108,2019
Rwanda,Sub-Saharan Africa,0.359,0.411,0.711,0.555,0.614,0.217,2019
Tanzania,Sub-Saharan Africa,0.476,0.147,0.885,0.417,0.499,0.276,2019
Afghanistan,Asia/SouthPac,0.35,0.025,0.517,0,0.361,0.158,2019
